{"mse_ABNB": 0.03333991115953802, "mae_ABNB": 0.1495000992228641, "rmse_ABNB": 0.18259219906539825, "_timestamp": 1714888387.50553, "_runtime": 55.14484000205994, "_step": 2, "mse_ENPH": 0.05687721552475788, "mae_ENPH": 0.1928661901272002, "rmse_ENPH": 0.23848944531101973, "mse_MAR": 0.00030155141792193474, "mae_MAR": 0.012128382448367267, "rmse_MAR": 0.017365235901707028, "_wandb": {"runtime": 138}}