{"mse": 0.00016871236858605792, "mae": 0.010016876170063553, "rmse": 0.012988932542209076, "_timestamp": 1714886074.998486, "_runtime": 222.1039559841156, "_step": 9, "_wandb": {"runtime": 221}}