{"ticker": "ZBH", "mse": 0.0022255391519121212, "mae": 0.028860519965175618, "rmse": 0.04717562031295531, "_timestamp": 1715556103.384854, "_runtime": 93.33320713043213, "_step": 3, "_wandb": {"runtime": 91}}