{"mse": 0.00011471375405418511, "mae": 0.007726826651887545, "rmse": 0.010710450693326826, "_timestamp": 1714888713.08437, "_runtime": 233.66402101516724, "_step": 9, "_wandb": {"runtime": 232}}