{"mse": 0.03354052204319436, "mae": 0.1487411313538611, "rmse": 0.18314071650835692, "_timestamp": 1714889118.7208052, "_runtime": 28.801600217819214, "_step": 0, "_wandb": {"runtime": 39}}