{"ticker": "BRO_20240512", "mse": 0.015137659457754216, "mae": 0.08171350641515092, "rmse": 0.12303519601217457, "_timestamp": 1715555921.450391, "_runtime": 30.34343695640564, "_step": 0, "_wandb": {"runtime": 89}}