{"mse_ABNB": 0.0328700334400368, "mae_ABNB": 0.1476246558892849, "rmse_ABNB": 0.18130094715703168, "_timestamp": 1714888311.931359, "_runtime": 30.137073040008545, "_step": 0, "_wandb": {"runtime": 38}}